{"iteration": 1000, "train_loss": 1.2245146865025163, "validation_loss": 0.8863139847341334}
{"iteration": 2000, "train_loss": 0.7005922319367528, "validation_loss": 0.7607437713017987}
{"iteration": 3000, "train_loss": 0.6153742037713528, "validation_loss": 0.7332359256365928}
{"iteration": 4000, "train_loss": 0.5851153461262584, "validation_loss": 0.691361464487971}
{"iteration": 5000, "train_loss": 0.5569464452564716, "validation_loss": 0.6692462493914636}
{"iteration": 6000, "train_loss": 0.5367658925242722, "validation_loss": 0.6475249781261758}
{"iteration": 7000, "train_loss": 0.5281717777252197, "validation_loss": 0.6378190646538229}
{"iteration": 8000, "train_loss": 0.5112222915049642, "validation_loss": 0.6314489035125536}
{"iteration": 9000, "train_loss": 0.4927318771369755, "validation_loss": 0.6202553314481224}
{"iteration": 10000, "train_loss": 0.48540209722705185, "validation_loss": 0.6136010011327271}
{"iteration": 11000, "train_loss": 0.4791001946432516, "validation_loss": 0.6115431212959493}
{"iteration": 12000, "train_loss": 0.4822741482639685, "validation_loss": 0.6049450076714191}
{"iteration": 13000, "train_loss": 0.4626294805202633, "validation_loss": 0.6025646130509226}
{"iteration": 14000, "train_loss": 0.45065041934140027, "validation_loss": 0.5965824998892195}
{"iteration": 15000, "train_loss": 0.45011216023704037, "validation_loss": 0.5995487642207261}
{"iteration": 16000, "train_loss": 0.44690075842663646, "validation_loss": 0.5889523385010466}
{"iteration": 17000, "train_loss": 0.4470417390111834, "validation_loss": 0.5908961988335762}
{"iteration": 18000, "train_loss": 0.43952341843396425, "validation_loss": 0.5909526143775181}
{"iteration": 19000, "train_loss": 0.4360469225794077, "validation_loss": 0.591198369005215}
{"iteration": 20000, "train_loss": 0.4260987527668476, "validation_loss": 0.5786324992808863}
{"iteration": 21000, "train_loss": 0.4327691555954516, "validation_loss": 0.5865762559237139}
{"iteration": 22000, "train_loss": 0.42481879908882547, "validation_loss": 0.5727973406847088}
{"iteration": 23000, "train_loss": 0.42039470525924116, "validation_loss": 0.563690209704766}
{"iteration": 24000, "train_loss": 0.4266037601628341, "validation_loss": 0.5647019492231373}
{"iteration": 25000, "train_loss": 0.4204825176857412, "validation_loss": 0.5721819289275755}
{"iteration": 26000, "train_loss": 0.41135587613098323, "validation_loss": 0.5696507904078032}
{"iteration": 27000, "train_loss": 0.4081054119160399, "validation_loss": 0.5730235639448114}
{"iteration": 28000, "train_loss": 0.39694505103398114, "validation_loss": 0.568027657458157}
