{"fast_rcnn/cls_accuracy": 0.96875, "fast_rcnn/false_negative": 0.046875, "fast_rcnn/fg_cls_accuracy": 0.953125, "iteration": 1000, "loss_box_reg": 0.28138890862464905, "loss_cls": 0.1272081322968006, "loss_mask": 0.2411070615053177, "loss_rpn_cls": 0.015163043513894081, "loss_rpn_loc": 0.06955141574144363, "lr": 0.00024975025, "mask_rcnn/accuracy": 0.8670479910714286, "mask_rcnn/false_negative": 0.26317754277389654, "mask_rcnn/false_positive": 0.07506819439727286, "roi_head/num_bg_samples": 96.0, "roi_head/num_fg_samples": 32.0, "rpn/num_neg_anchors": 234.0, "rpn/num_pos_anchors": 22.0, "total_loss": 0.7886707615107298, "validation_loss": 0.8863139847341334}
{"fast_rcnn/cls_accuracy": 0.97265625, "fast_rcnn/false_negative": 0.03125, "fast_rcnn/fg_cls_accuracy": 0.96875, "iteration": 2000, "loss_box_reg": 0.1939927637577057, "loss_cls": 0.10801597312092781, "loss_mask": 0.2129790559411049, "loss_rpn_cls": 0.006690608337521553, "loss_rpn_loc": 0.09520989656448364, "lr": 0.00025, "mask_rcnn/accuracy": 0.880241549744898, "mask_rcnn/false_negative": 0.22955361051162942, "mask_rcnn/false_positive": 0.07449290298364328, "roi_head/num_bg_samples": 96.0, "roi_head/num_fg_samples": 32.0, "rpn/num_neg_anchors": 234.0, "rpn/num_pos_anchors": 22.0, "total_loss": 0.6267337016761303, "validation_loss": 0.7607437713017987}
{"fast_rcnn/cls_accuracy": 0.9765625, "fast_rcnn/false_negative": 0.03125, "fast_rcnn/fg_cls_accuracy": 0.96875, "iteration": 3000, "loss_box_reg": 0.1981632262468338, "loss_cls": 0.09473578631877899, "loss_mask": 0.20897195488214493, "loss_rpn_cls": 0.007808481575921178, "loss_rpn_loc": 0.05974886938929558, "lr": 0.00025, "mask_rcnn/accuracy": 0.890884088010204, "mask_rcnn/false_negative": 0.21023870102186393, "mask_rcnn/false_positive": 0.08169796978644751, "roi_head/num_bg_samples": 96.0, "roi_head/num_fg_samples": 32.0, "rpn/num_neg_anchors": 234.0, "rpn/num_pos_anchors": 22.0, "total_loss": 0.5479028392583132, "validation_loss": 0.7332359256365928}
{"fast_rcnn/cls_accuracy": 0.984375, "fast_rcnn/false_negative": 0.03125, "fast_rcnn/fg_cls_accuracy": 0.96875, "iteration": 4000, "loss_box_reg": 0.2010604664683342, "loss_cls": 0.08887894451618195, "loss_mask": 0.2141907960176468, "loss_rpn_cls": 0.017369882203638554, "loss_rpn_loc": 0.06162706948816776, "lr": 0.00025, "mask_rcnn/accuracy": 0.8901666135204082, "mask_rcnn/false_negative": 0.18347742894216224, "mask_rcnn/false_positive": 0.0830331115495472, "roi_head/num_bg_samples": 96.0, "roi_head/num_fg_samples": 32.0, "rpn/num_neg_anchors": 234.0, "rpn/num_pos_anchors": 22.0, "total_loss": 0.6124312048777938, "validation_loss": 0.691361464487971}
{"fast_rcnn/cls_accuracy": 0.984375, "fast_rcnn/false_negative": 0.03125, "fast_rcnn/fg_cls_accuracy": 0.96875, "iteration": 5000, "loss_box_reg": 0.17309068143367767, "loss_cls": 0.08495265990495682, "loss_mask": 0.2414492890238762, "loss_rpn_cls": 0.008338346146047115, "loss_rpn_loc": 0.05396468937397003, "lr": 0.00025, "mask_rcnn/accuracy": 0.8897680165816326, "mask_rcnn/false_negative": 0.31701412395518275, "mask_rcnn/false_positive": 0.056024703128665906, "roi_head/num_bg_samples": 96.0, "roi_head/num_fg_samples": 32.0, "rpn/num_neg_anchors": 234.0, "rpn/num_pos_anchors": 22.0, "total_loss": 0.6237168395891786, "validation_loss": 0.6692462493914636}
{"fast_rcnn/cls_accuracy": 0.9765625, "fast_rcnn/false_negative": 0.03125, "fast_rcnn/fg_cls_accuracy": 0.96875, "iteration": 6000, "loss_box_reg": 0.19012828171253204, "loss_cls": 0.09334549307823181, "loss_mask": 0.1949794888496399, "loss_rpn_cls": 0.007229148410260677, "loss_rpn_loc": 0.07222563959658146, "lr": 0.00025, "mask_rcnn/accuracy": 0.9015066964285714, "mask_rcnn/false_negative": 0.22897394268207905, "mask_rcnn/false_positive": 0.07173114369330069, "roi_head/num_bg_samples": 96.0, "roi_head/num_fg_samples": 32.0, "rpn/num_neg_anchors": 234.0, "rpn/num_pos_anchors": 22.0, "total_loss": 0.5869392114691436, "validation_loss": 0.6475249781261758}
{"fast_rcnn/cls_accuracy": 0.9765625, "fast_rcnn/false_negative": 0.03125, "fast_rcnn/fg_cls_accuracy": 0.96875, "iteration": 7000, "loss_box_reg": 0.14166595041751862, "loss_cls": 0.06820237264037132, "loss_mask": 0.21907684206962585, "loss_rpn_cls": 0.0067888726480305195, "loss_rpn_loc": 0.057593341916799545, "lr": 0.00025, "mask_rcnn/accuracy": 0.895766900510204, "mask_rcnn/false_negative": 0.21447393430224304, "mask_rcnn/false_positive": 0.0812043411468226, "roi_head/num_bg_samples": 96.0, "roi_head/num_fg_samples": 32.0, "rpn/num_neg_anchors": 234.0, "rpn/num_pos_anchors": 22.0, "total_loss": 0.5109103148570284, "validation_loss": 0.6378190646538229}
{"fast_rcnn/cls_accuracy": 0.98046875, "fast_rcnn/false_negative": 0.03125, "fast_rcnn/fg_cls_accuracy": 0.96875, "iteration": 8000, "loss_box_reg": 0.1700524538755417, "loss_cls": 0.07047703489661217, "loss_mask": 0.2145039662718773, "loss_rpn_cls": 0.011266200803220272, "loss_rpn_loc": 0.07009144686162472, "lr": 0.00025, "mask_rcnn/accuracy": 0.8988759566326531, "mask_rcnn/false_negative": 0.1757007857632459, "mask_rcnn/false_positive": 0.07850675066552314, "roi_head/num_bg_samples": 96.0, "roi_head/num_fg_samples": 32.0, "rpn/num_neg_anchors": 234.0, "rpn/num_pos_anchors": 22.0, "total_loss": 0.5282251825556159, "validation_loss": 0.6314489035125536}
{"fast_rcnn/cls_accuracy": 0.984375, "fast_rcnn/false_negative": 0.03125, "fast_rcnn/fg_cls_accuracy": 0.96875, "iteration": 9000, "loss_box_reg": 0.13171307742595673, "loss_cls": 0.058453597128391266, "loss_mask": 0.17906589061021805, "loss_rpn_cls": 0.003861295524984598, "loss_rpn_loc": 0.048798318952322006, "lr": 0.00025, "mask_rcnn/accuracy": 0.8993742028061225, "mask_rcnn/false_negative": 0.21808536330922645, "mask_rcnn/false_positive": 0.06293799000437926, "roi_head/num_bg_samples": 96.0, "roi_head/num_fg_samples": 32.0, "rpn/num_neg_anchors": 234.0, "rpn/num_pos_anchors": 22.0, "total_loss": 0.4519708745647222, "validation_loss": 0.6202553314481224}
{"fast_rcnn/cls_accuracy": 0.984375, "fast_rcnn/false_negative": 0.03125, "fast_rcnn/fg_cls_accuracy": 0.96875, "iteration": 10000, "loss_box_reg": 0.12787317484617233, "loss_cls": 0.0573418028652668, "loss_mask": 0.17120328545570374, "loss_rpn_cls": 0.0030085572507232428, "loss_rpn_loc": 0.039039747789502144, "lr": 0.00025, "mask_rcnn/accuracy": 0.9019650829081634, "mask_rcnn/false_negative": 0.17442343446142342, "mask_rcnn/false_positive": 0.07420251628879082, "roi_head/num_bg_samples": 96.0, "roi_head/num_fg_samples": 32.0, "rpn/num_neg_anchors": 234.0, "rpn/num_pos_anchors": 22.0, "total_loss": 0.4155905577063095, "validation_loss": 0.6136010011327271}
{"fast_rcnn/cls_accuracy": 0.984375, "fast_rcnn/false_negative": 0.015625, "fast_rcnn/fg_cls_accuracy": 0.984375, "iteration": 11000, "loss_box_reg": 0.14173226803541183, "loss_cls": 0.06760752201080322, "loss_mask": 0.20415902882814407, "loss_rpn_cls": 0.007128148106858134, "loss_rpn_loc": 0.0708107128739357, "lr": 0.00025, "mask_rcnn/accuracy": 0.9046157525510203, "mask_rcnn/false_negative": 0.2128805107748551, "mask_rcnn/false_positive": 0.07308794111989467, "roi_head/num_bg_samples": 96.0, "roi_head/num_fg_samples": 32.0, "rpn/num_neg_anchors": 234.0, "rpn/num_pos_anchors": 22.0, "total_loss": 0.47467329748906195, "validation_loss": 0.6115431212959493}
{"fast_rcnn/cls_accuracy": 0.984375, "fast_rcnn/false_negative": 0.03125, "fast_rcnn/fg_cls_accuracy": 0.96875, "iteration": 12000, "loss_box_reg": 0.1556500941514969, "loss_cls": 0.0701594427227974, "loss_mask": 0.20678450912237167, "loss_rpn_cls": 0.005349912913516164, "loss_rpn_loc": 0.051278239116072655, "lr": 0.00025, "mask_rcnn/accuracy": 0.9004504145408163, "mask_rcnn/false_negative": 0.21436983108476576, "mask_rcnn/false_positive": 0.06810435308349863, "roi_head/num_bg_samples": 96.0, "roi_head/num_fg_samples": 32.0, "rpn/num_neg_anchors": 234.0, "rpn/num_pos_anchors": 22.0, "total_loss": 0.494982109637931, "validation_loss": 0.6049450076714191}
{"fast_rcnn/cls_accuracy": 0.9921875,