{"iteration": 1000, "train_loss": 1.3949824012815952, "validation_loss": 1.0702065738331301}
{"iteration": 2000, "train_loss": 0.9462627731263638, "validation_loss": 0.9194795023786467}
{"iteration": 3000, "train_loss": 0.8282325435429811, "validation_loss": 0.8713345606163395}
{"iteration": 4000, "train_loss": 0.7859044629149139, "validation_loss": 0.8358116662008394}
{"iteration": 5000, "train_loss": 0.7566176317632198, "validation_loss": 0.8126594774790404}
{"iteration": 6000, "train_loss": 0.729768980294466, "validation_loss": 0.8234196342154587}
{"iteration": 7000, "train_loss": 0.7098970278166234, "validation_loss": 0.7776413136427751}
{"iteration": 8000, "train_loss": 0.701282562687993, "validation_loss": 0.7911887149235}
{"iteration": 9000, "train_loss": 0.6714831544086337, "validation_loss": 0.7522043894511434}
{"iteration": 10000, "train_loss": 0.6592457247897983, "validation_loss": 0.8248623473180422}
{"iteration": 11000, "train_loss": 0.6493842941708863, "validation_loss": 0.7478947665922571}
{"iteration": 12000, "train_loss": 0.6418068613857031, "validation_loss": 0.7496844098151849}
{"iteration": 13000, "train_loss": 0.6325298938900232, "validation_loss": 0.7502636167157534}
{"iteration": 14000, "train_loss": 0.6284506083466113, "validation_loss": 0.7112686566951246}
{"iteration": 15000, "train_loss": 0.6137456032447517, "validation_loss": 0.6788303590243439}
{"iteration": 16000, "train_loss": 0.61938899429515, "validation_loss": 0.7286880848686275}
{"iteration": 17000, "train_loss": 0.591555560939014, "validation_loss": 0.7391707645963532}
{"iteration": 18000, "train_loss": 0.5994205763563514, "validation_loss": 0.7050359702502565}
{"iteration": 19000, "train_loss": 0.5894275980535895, "validation_loss": 0.690851927158424}
{"iteration": 20000, "train_loss": 0.5882624457590282, "validation_loss": 0.750155030188202}
