{"fast_rcnn/cls_accuracy": 0.890625, "fast_rcnn/false_negative": 0.265625, "fast_rcnn/fg_cls_accuracy": 0.734375, "iteration": 1000, "loss_box_reg": 0.28710801899433136, "loss_cls": 0.18320944160223007, "loss_mask": 0.33095401525497437, "loss_rpn_cls": 0.0440114289522171, "loss_rpn_loc": 0.21618809551000595, "lr": 0.00024975025, "mask_rcnn/accuracy": 0.8472576530612245, "mask_rcnn/false_negative": 0.10530463397161932, "mask_rcnn/false_positive": 0.22121260345775906, "roi_head/num_bg_samples": 96.0, "roi_head/num_fg_samples": 32.0, "rpn/num_neg_anchors": 128.0, "rpn/num_pos_anchors": 128.0, "total_loss": 1.1261859461665154, "validation_loss": 1.0702065738331301}
{"fast_rcnn/cls_accuracy": 0.93359375, "fast_rcnn/false_negative": 0.109375, "fast_rcnn/fg_cls_accuracy": 0.890625, "iteration": 2000, "loss_box_reg": 0.2355949878692627, "loss_cls": 0.17126767337322235, "loss_mask": 0.3178025484085083, "loss_rpn_cls": 0.03795473463833332, "loss_rpn_loc": 0.2117278128862381, "lr": 0.00025, "mask_rcnn/accuracy": 0.8638592155612245, "mask_rcnn/false_negative": 0.09510247924939616, "mask_rcnn/false_positive": 0.19377415199695874, "roi_head/num_bg_samples": 96.0, "roi_head/num_fg_samples": 32.0, "rpn/num_neg_anchors": 128.0, "rpn/num_pos_anchors": 128.0, "total_loss": 1.017859410494566, "validation_loss": 0.9194795023786467}
{"fast_rcnn/cls_accuracy": 0.93359375, "fast_rcnn/false_negative": 0.109375, "fast_rcnn/fg_cls_accuracy": 0.890625, "iteration": 3000, "loss_box_reg": 0.18148913979530334, "loss_cls": 0.0932287722826004, "loss_mask": 0.26839862763881683, "loss_rpn_cls": 0.026605358347296715, "loss_rpn_loc": 0.15150462090969086, "lr": 0.00025, "mask_rcnn/accuracy": 0.8608697385204082, "mask_rcnn/false_negative": 0.10138971816151318, "mask_rcnn/false_positive": 0.18104654407935056, "roi_head/num_bg_samples": 96.0, "roi_head/num_fg_samples": 32.0, "rpn/num_neg_anchors": 128.0, "rpn/num_pos_anchors": 128.0, "total_loss": 0.7477244958281517, "validation_loss": 0.8713345606163395}
{"fast_rcnn/cls_accuracy": 0.9453125, "fast_rcnn/false_negative": 0.15625, "fast_rcnn/fg_cls_accuracy": 0.84375, "iteration": 4000, "loss_box_reg": 0.18733148276805878, "loss_cls": 0.11844566836953163, "loss_mask": 0.26958535611629486, "loss_rpn_cls": 0.03607353754341602, "loss_rpn_loc": 0.12750085443258286, "lr": 0.00025, "mask_rcnn/accuracy": 0.8650749362244898, "mask_rcnn/false_negative": 0.0995749880684245, "mask_rcnn/false_positive": 0.17602167716746697, "roi_head/num_bg_samples": 96.0, "roi_head/num_fg_samples": 32.0, "rpn/num_neg_anchors": 128.0, "rpn/num_pos_anchors": 128.0, "total_loss": 0.7918035043403506, "validation_loss": 0.8358116662008394}
{"fast_rcnn/cls_accuracy": 0.95703125, "fast_rcnn/false_negative": 0.125, "fast_rcnn/fg_cls_accuracy": 0.875, "iteration": 5000, "loss_box_reg": 0.1784132868051529, "loss_cls": 0.06816712021827698, "loss_mask": 0.2823438197374344, "loss_rpn_cls": 0.02192785684019327, "loss_rpn_loc": 0.12248757109045982, "lr": 0.00025, "mask_rcnn/accuracy": 0.8691804846938775, "mask_rcnn/false_negative": 0.09021742015826226, "mask_rcnn/false_positive": 0.18458774660795357, "roi_head/num_bg_samples": 96.0, "roi_head/num_fg_samples": 32.0, "rpn/num_neg_anchors": 128.0, "rpn/num_pos_anchors": 128.0, "total_loss": 0.719136044383049, "validation_loss": 0.8126594774790404}
{"fast_rcnn/cls_accuracy": 0.94921875, "fast_rcnn/false_negative": 0.15625, "fast_rcnn/fg_cls_accuracy": 0.84375, "iteration": 6000, "loss_box_reg": 0.17117399722337723, "loss_cls": 0.09592074900865555, "loss_mask": 0.2571672946214676, "loss_rpn_cls": 0.01994818914681673, "loss_rpn_loc": 0.10684209316968918, "lr": 0.00025, "mask_rcnn/accuracy": 0.8727479272959183, "mask_rcnn/false_negative": 0.05266693311813772, "mask_rcnn/false_positive": 0.24165471195847904, "roi_head/num_bg_samples": 96.0, "roi_head/num_fg_samples": 32.0, "rpn/num_neg_anchors": 128.0, "rpn/num_pos_anchors": 128.0, "total_loss": 0.7029371028766036, "validation_loss": 0.8234196342154587}
{"fast_rcnn/cls_accuracy": 0.94921875, "fast_rcnn/false_negative": 0.125, "fast_rcnn/fg_cls_accuracy": 0.875, "iteration": 7000, "loss_box_reg": 0.16555184870958328, "loss_cls": 0.11063219606876373, "loss_mask": 0.2803584635257721, "loss_rpn_cls": 0.018774399533867836, "loss_rpn_loc": 0.15428338199853897, "lr": 0.00025, "mask_rcnn/accuracy": 0.8716517857142857, "mask_rcnn/false_negative": 0.08012899480316892, "mask_rcnn/false_positive": 0.1960765094310663, "roi_head/num_bg_samples": 96.0, "roi_head/num_fg_samples": 32.0, "rpn/num_neg_anchors": 128.0, "rpn/num_pos_anchors": 128.0, "total_loss": 0.7293151863850653, "validation_loss": 0.7776413136427751}
{"fast_rcnn/cls_accuracy": 0.96484375, "fast_rcnn/false_negative": 0.0625, "fast_rcnn/fg_cls_accuracy": 0.9375, "iteration": 8000, "loss_box_reg": 0.18840933591127396, "loss_cls": 0.09582914412021637, "loss_mask": 0.2533258870244026, "loss_rpn_cls": 0.02892720326781273, "loss_rpn_loc": 0.1547703668475151, "lr": 0.00025, "mask_rcnn/accuracy": 0.8735451211734694, "mask_rcnn/false_negative": 0.0703536647779226, "mask_rcnn/false_positive": 0.21115191633063363, "roi_head/num_bg_samples": 96.0, "roi_head/num_fg_samples": 32.0, "rpn/num_neg_anchors": 128.0, "rpn/num_pos_anchors": 128.0, "total_loss": 0.7065065139904618, "validation_loss": 0.7911887149235}
{"fast_rcnn/cls_accuracy": 0.97265625, "fast_rcnn/false_negative": 0.09375, "fast_rcnn/fg_cls_accuracy": 0.90625, "iteration": 9000, "loss_box_reg": 0.15308314561843872, "loss_cls": 0.06406736746430397, "loss_mask": 0.25927747786045074, "loss_rpn_cls": 0.01349202636629343, "loss_rpn_loc": 0.11705155670642853, "lr": 0.00025, "mask_rcnn/accuracy": 0.8758968431122449, "mask_rcnn/false_negative": 0.07047428534173739, "mask_rcnn/false_positive": 0.19622536680677688, "roi_head/num_bg_samples": 96.0, "roi_head/num_fg_samples": 32.0, "rpn/num_neg_anchors": 128.0, "rpn/num_pos_anchors": 128.0, "total_loss": 0.643911199644208, "validation_loss": 0.7522043894511434}
{"fast_rcnn/cls_accuracy": 0.95703125, "fast_rcnn/false_negative": 0.140625, "fast_rcnn/fg_cls_accuracy": 0.859375, "iteration": 10000, "loss_box_reg": 0.1614811196923256, "loss_cls": 0.07880976423621178, "loss_mask": 0.25769804418087006, "loss_rpn_cls": 0.016485138330608606, "loss_rpn_loc": 0.13180122524499893, "lr": 0.00025, "mask_rcnn/accuracy": 0.8785873724489797, "mask_rcnn/false_negative": 0.055987404452394765, "mask_rcnn/false_positive": 0.22008541453373856, "roi_head/num_bg_samples": 96.0, "roi_head/num_fg_samples": 32.0, "rpn/num_neg_anchors": 128.0, "rpn/num_pos_anchors": 128.0, "total_loss": 0.6400506298523396, "validation_loss": 0.8248623473180422}
{"fast_rcnn/cls_accuracy": 0.95703125, "fast_rcnn/false_negative": 0.109375, "fast_rcnn/fg_cls_accuracy": 0.890625, "iteration": 11000, "loss_box_reg": 0.16206452250480652, "loss_cls": 0.08093961328268051, "loss_mask": 0.26388221979141235, "loss_rpn_cls": 0.01466407161206007, "loss_rpn_loc": 0.11692563816905022, "lr": 0.00025, "mask_rcnn/accuracy": 0.8809988839285714, "mask_rcnn/false_negative": 0.06434493135823846, "mask_rcnn/false_positive": 0.19826077074919338, "roi_head/num_bg_samples": 96.0, "roi_head/num_fg_samples": 32.0, "rpn/num_neg_anchors": 128.0, "rpn/num_pos_anchors": 128.0, "total_loss": 0.6315337161067873, "validation_loss": 0.7478947665922571}
{"fast_rcnn/cls_accuracy": 0.96875, "fast_rcnn/false_negative": 0.078125, "fast_rcnn/fg_cls_accuracy": 0.921875, "iteration": 12000, "loss_box_reg": 0.12408324331045151, "loss_cls": 0.0672340989112854, "loss_mask": 0.25061511248350143, "loss_rpn_cls": 0.020607147365808487, "loss_rpn_loc": 0.11954773589968681, "lr": 0.00025, "mask_rcnn/accuracy": 0.880420918367347, "mask_rcnn/false_negative": 0.06885954511439388, "mask_rcnn/false_positive": 0.19134750491385938, "roi_head/num_bg_samples": 96.0, "roi_head/num_fg_samples": 32.0, "rpn/num_neg_anchors": 128.0, "rpn/num_pos_anchors": 128.0, "total_loss": 0.5805438477545977,