{"iteration": 10000, "train_loss": 0.8229113211855292, "validation_loss": 0.740936845492494}
{"iteration": 20000, "train_loss": 0.66511211078614, "validation_loss": 0.6993162118754142}
{"iteration": 30000, "train_loss": 0.6246889727190137, "validation_loss": 0.6563463818513614}
{"iteration": 40000, "train_loss": 0.5850588493049145, "validation_loss": 0.6280775162208269}
{"iteration": 50000, "train_loss": 0.5679877591319382, "validation_loss": 0.606395328375054}
{"iteration": 60000, "train_loss": 0.5501440223306417, "validation_loss": 0.5965280114928013}
{"iteration": 70000, "train_loss": 0.536307386122644, "validation_loss": 0.5807165480148831}
{"iteration": 80000, "train_loss": 0.5243963883258402, "validation_loss": 0.5759625859229291}
{"iteration": 90000, "train_loss": 0.516885663382709, "validation_loss": 0.5673285214545893}
{"iteration": 100000, "train_loss": 0.5040515772998333, "validation_loss": 0.5556640862557867}
{"iteration": 110000, "train_loss": 0.49626316502690315, "validation_loss": 0.5671740580525582}
{"iteration": 120000, "train_loss": 0.49034531647339463, "validation_loss": 0.5424416956027519}
{"iteration": 130000, "train_loss": 0.48140040365979075, "validation_loss": 0.5420003201063911}
{"iteration": 140000, "train_loss": 0.48083599761594087, "validation_loss": 0.531270324934214}
{"iteration": 150000, "train_loss": 0.4716235641390085, "validation_loss": 0.5316702017235424}
{"iteration": 160000, "train_loss": 0.4660378834232688, "validation_loss": 0.5250519027112616}
{"iteration": 170000, "train_loss": 0.45986785809509456, "validation_loss": 0.5259306611387191}
{"iteration": 180000, "train_loss": 0.45733090955764055, "validation_loss": 0.5150448785200671}
{"iteration": 190000, "train_loss": 0.45057875802740455, "validation_loss": 0.5167454114016129}
{"iteration": 200000, "train_loss": 0.44867631373926997, "validation_loss": 0.5116512026978995}
{"iteration": 210000, "train_loss": 0.4441182240843773, "validation_loss": 0.5262890203793263}
{"iteration": 220000, "train_loss": 0.42441811272874475, "validation_loss": 0.4994088895546975}
{"iteration": 230000, "train_loss": 0.42171757481992245, "validation_loss": 0.4946576359306934}
{"iteration": 240000, "train_loss": 0.4202892309986055, "validation_loss": 0.4953933702797446}
{"iteration": 250000, "train_loss": 0.4164590905420482, "validation_loss": 0.4929634114338392}
{"iteration": 260000, "train_loss": 0.41749118035659194, "validation_loss": 0.49316743322388157}
{"iteration": 270000, "train_loss": 0.41185268526896834, "validation_loss": 0.4933053917385732}
{"iteration": 280000, "train_loss": 0.4161387039348483, "validation_loss": 0.4919764911852981}
{"iteration": 290000, "train_loss": 0.4159880755469203, "validation_loss": 0.4930356530247166}
{"iteration": 300000, "train_loss": 0.41561841033399105, "validation_loss": 0.4915657187500669}
{"iteration": 310000, "train_loss": 0.4160006819292903, "validation_loss": 0.49239148092580776}
{"iteration": 320000, "train_loss": 0.4122263714671135, "validation_loss": 0.49268872720516904}
{"iteration": 330000, "train_loss": 0.4116101283580065, "validation_loss": 0.4919659721082765}
