{"iteration": 1000, "train_loss": 1.4094505505636334, "validation_loss": 1.0835085187716709}
{"iteration": 2000, "train_loss": 0.6993349175900221, "validation_loss": 0.9207305243172614}
{"iteration": 3000, "train_loss": 0.649721285328269, "validation_loss": 0.8357036981863958}
{"iteration": 4000, "train_loss": 0.5897018655668944, "validation_loss": 0.7773459945837389}
{"iteration": 5000, "train_loss": 0.5659995255991817, "validation_loss": 0.7745306470749733}
{"iteration": 6000, "train_loss": 0.5215088394470513, "validation_loss": 0.740649480667618}
{"iteration": 7000, "train_loss": 0.4986070906743407, "validation_loss": 0.7405390757882127}
{"iteration": 8000, "train_loss": 0.5023156721144915, "validation_loss": 0.7079312434740251}
{"iteration": 9000, "train_loss": 0.4811685038730502, "validation_loss": 0.7060144506331785}
{"iteration": 10000, "train_loss": 0.45896120835095644, "validation_loss": 0.6845628198697178}
{"iteration": 11000, "train_loss": 0.4653930924832821, "validation_loss": 0.6960244686935033}
{"iteration": 12000, "train_loss": 0.44344192277640104, "validation_loss": 0.6755280708045771}
{"iteration": 13000, "train_loss": 0.45002398849464953, "validation_loss": 0.7768469607687555}
{"iteration": 14000, "train_loss": 0.444830808788538, "validation_loss": 0.6596198343371718}
{"iteration": 15000, "train_loss": 0.4255878231488168, "validation_loss": 0.7073731691806018}
{"iteration": 16000, "train_loss": 0.41644675750285387, "validation_loss": 0.7483265705025641}
{"iteration": 17000, "train_loss": 0.4176947041414678, "validation_loss": 0.7059703789404191}
{"iteration": 18000, "train_loss": 0.4213306261226535, "validation_loss": 0.6220802330587711}
{"iteration": 19000, "train_loss": 0.40431304508820176, "validation_loss": 0.6824507284857387}
{"iteration": 20000, "train_loss": 0.40923584334086627, "validation_loss": 0.6110460860017541}
{"iteration": 21000, "train_loss": 0.38611510320333764, "validation_loss": 0.6749905266913452}
{"iteration": 22000, "train_loss": 0.3895776313729584, "validation_loss": 0.6698063005171584}
{"iteration": 23000, "train_loss": 0.39683043234981596, "validation_loss": 0.636990102479515}
{"iteration": 24000, "train_loss": 0.37667466059792787, "validation_loss": 0.6763433714009839}
{"iteration": 25000, "train_loss": 0.38603249890729785, "validation_loss": 0.6215099759160513}
