{"fast_rcnn/cls_accuracy": 0.875, "fast_rcnn/false_negative": 0.46875, "fast_rcnn/fg_cls_accuracy": 0.53125, "iteration": 1000, "loss_box_reg": 0.20298200845718384, "loss_cls": 0.1721123903989792, "loss_mask": 0.1700463816523552, "loss_rpn_cls": 0.02921796776354313, "loss_rpn_loc": 0.19617315381765366, "lr": 0.00024975025, "mask_rcnn/accuracy": 0.9146006058673469, "mask_rcnn/false_negative": 0.16005738819286985, "mask_rcnn/false_positive": 0.06359907339610579, "roi_head/num_bg_samples": 96.0, "roi_head/num_fg_samples": 32.0, "rpn/num_neg_anchors": 128.0, "rpn/num_pos_anchors": 128.0, "total_loss": 0.8675325773656368, "validation_loss": 1.0835085187716709}
{"fast_rcnn/cls_accuracy": 0.9375, "fast_rcnn/false_negative": 0.171875, "fast_rcnn/fg_cls_accuracy": 0.828125, "iteration": 2000, "loss_box_reg": 0.1460680067539215, "loss_cls": 0.13664286583662033, "loss_mask": 0.1117711253464222, "loss_rpn_cls": 0.017627008259296417, "loss_rpn_loc": 0.14544029533863068, "lr": 0.00025, "mask_rcnn/accuracy": 0.9271564094387754, "mask_rcnn/false_negative": 0.1401895410671249, "mask_rcnn/false_positive": 0.05507391346496858, "roi_head/num_bg_samples": 96.0, "roi_head/num_fg_samples": 32.0, "rpn/num_neg_anchors": 128.0, "rpn/num_pos_anchors": 128.0, "total_loss": 0.5806586723774672, "validation_loss": 0.9207305243172614}
{"fast_rcnn/cls_accuracy": 0.9453125, "fast_rcnn/false_negative": 0.15625, "fast_rcnn/fg_cls_accuracy": 0.84375, "iteration": 3000, "loss_box_reg": 0.10120449215173721, "loss_cls": 0.08301353082060814, "loss_mask": 0.10480379313230515, "loss_rpn_cls": 0.016987960785627365, "loss_rpn_loc": 0.1788608804345131, "lr": 0.00025, "mask_rcnn/accuracy": 0.9272759885204082, "mask_rcnn/false_negative": 0.16174202398018406, "mask_rcnn/false_positive": 0.05121946672677582, "roi_head/num_bg_samples": 96.0, "roi_head/num_fg_samples": 32.0, "rpn/num_neg_anchors": 128.0, "rpn/num_pos_anchors": 128.0, "total_loss": 0.46076384373009205, "validation_loss": 0.8357036981863958}
{"fast_rcnn/cls_accuracy": 0.9375, "fast_rcnn/false_negative": 0.171875, "fast_rcnn/fg_cls_accuracy": 0.828125, "iteration": 4000, "loss_box_reg": 0.14777040481567383, "loss_cls": 0.08982240036129951, "loss_mask": 0.10485729202628136, "loss_rpn_cls": 0.016310611739754677, "loss_rpn_loc": 0.16048237681388855, "lr": 0.00025, "mask_rcnn/accuracy": 0.9382573341836735, "mask_rcnn/false_negative": 0.14825719917045294, "mask_rcnn/false_positive": 0.0443563317876806, "roi_head/num_bg_samples": 96.0, "roi_head/num_fg_samples": 32.0, "rpn/num_neg_anchors": 128.0, "rpn/num_pos_anchors": 128.0, "total_loss": 0.6290629087015986, "validation_loss": 0.7773459945837389}
{"fast_rcnn/cls_accuracy": 0.9296875, "fast_rcnn/false_negative": 0.15625, "fast_rcnn/fg_cls_accuracy": 0.84375, "iteration": 5000, "loss_box_reg": 0.19974449276924133, "loss_cls": 0.11960631981492043, "loss_mask": 0.10522409155964851, "loss_rpn_cls": 0.021681812591850758, "loss_rpn_loc": 0.18421918153762817, "lr": 0.00025, "mask_rcnn/accuracy": 0.9347098214285714, "mask_rcnn/false_negative": 0.10402734725347348, "mask_rcnn/false_positive": 0.0587761324366461, "roi_head/num_bg_samples": 96.0, "roi_head/num_fg_samples": 32.0, "rpn/num_neg_anchors": 128.0, "rpn/num_pos_anchors": 128.0, "total_loss": 0.6203601411543787, "validation_loss": 0.7745306470749733}
{"fast_rcnn/cls_accuracy": 0.921875, "fast_rcnn/false_negative": 0.15625, "fast_rcnn/fg_cls_accuracy": 0.84375, "iteration": 6000, "loss_box_reg": 0.16161105781793594, "loss_cls": 0.09770574420690536, "loss_mask": 0.11699970439076424, "loss_rpn_cls": 0.016461312770843506, "loss_rpn_loc": 0.1374761015176773, "lr": 0.00025, "mask_rcnn/accuracy": 0.9394132653061225, "mask_rcnn/false_negative": 0.14521125459830592, "mask_rcnn/false_positive": 0.041876661089288475, "roi_head/num_bg_samples": 96.0, "roi_head/num_fg_samples": 32.0, "rpn/num_neg_anchors": 128.0, "rpn/num_pos_anchors": 128.0, "total_loss": 0.5730067770928144, "validation_loss": 0.740649480667618}
{"fast_rcnn/cls_accuracy": 0.93359375, "fast_rcnn/false_negative": 0.203125, "fast_rcnn/fg_cls_accuracy": 0.796875, "iteration": 7000, "loss_box_reg": 0.08841634541749954, "loss_cls": 0.07037721946835518, "loss_mask": 0.11446012556552887, "loss_rpn_cls": 0.012739903293550014, "loss_rpn_loc": 0.1450546830892563, "lr": 0.00025, "mask_rcnn/accuracy": 0.9392139668367347, "mask_rcnn/false_negative": 0.11432777950226747, "mask_rcnn/false_positive": 0.05659883388550882, "roi_head/num_bg_samples": 96.0, "roi_head/num_fg_samples": 32.0, "rpn/num_neg_anchors": 128.0, "rpn/num_pos_anchors": 128.0, "total_loss": 0.508583698887378, "validation_loss": 0.7405390757882127}
{"fast_rcnn/cls_accuracy": 0.95703125, "fast_rcnn/false_negative": 0.078125, "fast_rcnn/fg_cls_accuracy": 0.921875, "iteration": 8000, "loss_box_reg": 0.12895992770791054, "loss_cls": 0.06576942838728428, "loss_mask": 0.10196419805288315, "loss_rpn_cls": 0.01905803754925728, "loss_rpn_loc": 0.1292630434036255, "lr": 0.00025, "mask_rcnn/accuracy": 0.9341517857142857, "mask_rcnn/false_negative": 0.1182491545604466, "mask_rcnn/false_positive": 0.05112426711747642, "roi_head/num_bg_samples": 96.0, "roi_head/num_fg_samples": 32.0, "rpn/num_neg_anchors": 128.0, "rpn/num_pos_anchors": 128.0, "total_loss": 0.5293582552112639, "validation_loss": 0.7079312434740251}
{"fast_rcnn/cls_accuracy": 0.94921875, "fast_rcnn/false_negative": 0.109375, "fast_rcnn/fg_cls_accuracy": 0.890625, "iteration": 9000, "loss_box_reg": 0.12809675931930542, "loss_cls": 0.10263461992144585, "loss_mask": 0.11095665767788887, "loss_rpn_cls": 0.018388078548014164, "loss_rpn_loc": 0.10056804865598679, "lr": 0.00025, "mask_rcnn/accuracy": 0.9360451211734694, "mask_rcnn/false_negative": 0.1262979394693356, "mask_rcnn/false_positive": 0.04775323869265051, "roi_head/num_bg_samples": 96.0, "roi_head/num_fg_samples": 32.0, "rpn/num_neg_anchors": 128.0, "rpn/num_pos_anchors": 128.0, "total_loss": 0.49866961874067783, "validation_loss": 0.7060144506331785}
{"fast_rcnn/cls_accuracy": 0.94140625, "fast_rcnn/false_negative": 0.109375, "fast_rcnn/fg_cls_accuracy": 0.890625, "iteration": 10000, "loss_box_reg": 0.09925330802798271, "loss_cls": 0.07915013656020164, "loss_mask": 0.09888945147395134, "loss_rpn_cls": 0.018107697367668152, "loss_rpn_loc": 0.1638733446598053, "lr": 0.00025, "mask_rcnn/accuracy": 0.9428611288265306, "mask_rcnn/false_negative": 0.1237900364138713, "mask_rcnn/false_positive": 0.0436538092133736, "roi_head/num_bg_samples": 96.0, "roi_head/num_fg_samples": 32.0, "rpn/num_neg_anchors": 128.0, "rpn/num_pos_anchors": 128.0, "total_loss": 0.5089757991954684, "validation_loss": 0.6845628198697178}
{"fast_rcnn/cls_accuracy": 0.9375, "fast_rcnn/false_negative": 0.09375, "fast_rcnn/fg_cls_accuracy": 0.90625, "iteration": 11000, "loss_box_reg": 0.1159193217754364, "loss_cls": 0.07915526628494263, "loss_mask": 0.11344340071082115, "loss_rpn_cls": 0.017109288834035397, "loss_rpn_loc": 0.14517690241336823, "lr": 0.00025, "mask_rcnn/accuracy": 0.9430205676020408, "mask_rcnn/false_negative": 0.13243116178839293, "mask_rcnn/false_positive": 0.04587353146769495, "roi_head/num_bg_samples": 96.0, "roi_head/num_fg_samples": 32.0, "rpn/num_neg_anchors": 128.0, "rpn/num_pos_anchors": 128.0, "total_loss": 0.4734126990661025, "validation_loss": 0.6960244686935033}
{"fast_rcnn/cls_accuracy": 0.96875, "fast_rcnn/false_negative": 0.0625, "fast_rcnn/fg_cls_accuracy": 0.9375, "iteration": 12000, "loss_box_reg": 0.0847717896103859, "loss_cls": 0.06511730700731277, "loss_mask": 0.11710688844323158, "loss_rpn_cls": 0.011089422274380922, "loss_rpn_loc": 0.14875000715255737, "lr": 0.00025, "mask_rcnn/accuracy": 0.9401108099489797, "mask_rcnn/false_negative": 0.11968763050196274, "mask_rcnn/false_positive": 0.045453147725605804, "roi_head/num_bg_samples": 96.0, "roi_head/num_fg_samples": 32.0, "rpn/num_neg_anchors": 128.0, "rpn/num_pos_anchors": 128.0, "total_loss": 0.43634162098169327,