{"fast_rcnn/cls_accuracy": 0.9765625, "fast_rcnn/false_negative": 0.0, "fast_rcnn/fg_cls_accuracy": 1.0, "iteration": 10000, "loss_box_reg": 0.18468859791755676, "loss_cls": 0.06461767852306366, "loss_mask": 0.20380175113677979, "loss_rpn_cls": 0.012262917589396238, "loss_rpn_loc": 0.06489607691764832, "lr": 0.00025, "mask_rcnn/accuracy": 0.8905054209183674, "mask_rcnn/false_negative": 0.267370224566845, "mask_rcnn/false_positive": 0.05106075780292134, "roi_head/num_bg_samples": 96.0, "roi_head/num_fg_samples": 32.0, "rpn/num_neg_anchors": 212.0, "rpn/num_pos_anchors": 44.0, "total_loss": 0.525949474889785, "validation_loss": 0.6208192214368484}
{"fast_rcnn/cls_accuracy": 0.984375, "fast_rcnn/false_negative": 0.03125, "fast_rcnn/fg_cls_accuracy": 0.96875, "iteration": 20000, "loss_box_reg": 0.12956014648079872, "loss_cls": 0.062295569106936455, "loss_mask": 0.1984579861164093, "loss_rpn_cls": 0.0038160471012815833, "loss_rpn_loc": 0.043709564954042435, "lr": 0.00025, "mask_rcnn/accuracy": 0.901626275510204, "mask_rcnn/false_negative": 0.2532876298398487, "mask_rcnn/false_positive": 0.049497151075159035, "roi_head/num_bg_samples": 96.0, "roi_head/num_fg_samples": 32.0, "rpn/num_neg_anchors": 212.0, "rpn/num_pos_anchors": 44.0, "total_loss": 0.4566530245356262, "validation_loss": 0.577371905623836}
{"fast_rcnn/cls_accuracy": 0.9765625, "fast_rcnn/false_negative": 0.03125, "fast_rcnn/fg_cls_accuracy": 0.96875, "iteration": 30000, "loss_box_reg": 0.11841568350791931, "loss_cls": 0.051267968490719795, "loss_mask": 0.2027580514550209, "loss_rpn_cls": 0.005265922751277685, "loss_rpn_loc": 0.12997538596391678, "lr": 0.00025, "mask_rcnn/accuracy": 0.9090401785714286, "mask_rcnn/false_negative": 0.21643954555478356, "mask_rcnn/false_positive": 0.05172546025206261, "roi_head/num_bg_samples": 96.0, "roi_head/num_fg_samples": 32.0, "rpn/num_neg_anchors": 212.0, "rpn/num_pos_anchors": 44.0, "total_loss": 0.48358029045630246, "validation_loss": 0.5590105731582474}
{"fast_rcnn/cls_accuracy": 0.9765625, "fast_rcnn/false_negative": 0.03125, "fast_rcnn/fg_cls_accuracy": 0.96875, "iteration": 40000, "loss_box_reg": 0.13898338750004768, "loss_cls": 0.049911459907889366, "loss_mask": 0.1902972012758255, "loss_rpn_cls": 0.008081167237833142, "loss_rpn_loc": 0.08788246288895607, "lr": 0.00025, "mask_rcnn/accuracy": 0.9129065688775511, "mask_rcnn/false_negative": 0.26264242825398326, "mask_rcnn/false_positive": 0.046362287345715354, "roi_head/num_bg_samples": 96.0, "roi_head/num_fg_samples": 32.0, "rpn/num_neg_anchors": 212.0, "rpn/num_pos_anchors": 44.0, "total_loss": 0.4712051518727094, "validation_loss": 0.5451307629131712}
{"fast_rcnn/cls_accuracy": 0.98046875, "fast_rcnn/false_negative": 0.0, "fast_rcnn/fg_cls_accuracy": 1.0, "iteration": 50000, "loss_box_reg": 0.12442231923341751, "loss_cls": 0.06099586747586727, "loss_mask": 0.17214487493038177, "loss_rpn_cls": 0.009631035849452019, "loss_rpn_loc": 0.06006302684545517, "lr": 0.00025, "mask_rcnn/accuracy": 0.9145607461734694, "mask_rcnn/false_negative": 0.1926258858977864, "mask_rcnn/false_positive": 0.045970465088410545, "roi_head/num_bg_samples": 96.0, "roi_head/num_fg_samples": 32.0, "rpn/num_neg_anchors": 212.0, "rpn/num_pos_anchors": 44.0, "total_loss": 0.4738670391961932, "validation_loss": 0.5348765223956153}
{"fast_rcnn/cls_accuracy": 0.9765625, "fast_rcnn/false_negative": 0.015625, "fast_rcnn/fg_cls_accuracy": 0.984375, "iteration": 60000, "loss_box_reg": 0.1028202511370182, "loss_cls": 0.045975541695952415, "loss_mask": 0.1647644266486168, "loss_rpn_cls": 0.004531634505838156, "loss_rpn_loc": 0.07267848029732704, "lr": 0.00025, "mask_rcnn/accuracy": 0.9093191964285714, "mask_rcnn/false_negative": 0.2051515608379191, "mask_rcnn/false_positive": 0.05081044841548012, "roi_head/num_bg_samples": 96.0, "roi_head/num_fg_samples": 32.0, "rpn/num_neg_anchors": 212.0, "rpn/num_pos_anchors": 44.0, "total_loss": 0.4222592530422844, "validation_loss": 0.5275678453117306}
{"fast_rcnn/cls_accuracy": 0.98828125, "fast_rcnn/false_negative": 0.015625, "fast_rcnn/fg_cls_accuracy": 0.984375, "iteration": 70000, "loss_box_reg": 0.09545516222715378, "loss_cls": 0.044463565573096275, "loss_mask": 0.15802238136529922, "loss_rpn_cls": 0.0024402194540016353, "loss_rpn_loc": 0.06532715260982513, "lr": 0.00025, "mask_rcnn/accuracy": 0.9193837691326531, "mask_rcnn/false_negative": 0.20293883122872192, "mask_rcnn/false_positive": 0.03509346658197167, "roi_head/num_bg_samples": 96.0, "roi_head/num_fg_samples": 32.0, "rpn/num_neg_anchors": 212.0, "rpn/num_pos_anchors": 44.0, "total_loss": 0.37375415209680796, "validation_loss": 0.5304705392301426}
{"fast_rcnn/cls_accuracy": 0.9921875, "fast_rcnn/false_negative": 0.0, "fast_rcnn/fg_cls_accuracy": 1.0, "iteration": 80000, "loss_box_reg": 0.08107069134712219, "loss_cls": 0.0358009897172451, "loss_mask": 0.14979565888643265, "loss_rpn_cls": 0.0010665571026038378, "loss_rpn_loc": 0.028932804241776466, "lr": 0.00025, "mask_rcnn/accuracy": 0.9160355548469388, "mask_rcnn/false_negative": 0.21060013074302833, "mask_rcnn/false_positive": 0.04666483539099314, "roi_head/num_bg_samples": 96.0, "roi_head/num_fg_samples": 32.0, "rpn/num_neg_anchors": 212.0, "rpn/num_pos_anchors": 44.0, "total_loss": 0.3133899341482902, "validation_loss": 0.5267005818226548}
{"fast_rcnn/cls_accuracy": 0.984375, "fast_rcnn/false_negative": 0.015625, "fast_rcnn/fg_cls_accuracy": 0.984375, "iteration": 90000, "loss_box_reg": 0.0928993746638298, "loss_cls": 0.03909939341247082, "loss_mask": 0.1488480120897293, "loss_rpn_cls": 0.0031787974294275045, "loss_rpn_loc": 0.06271146982908249, "lr": 0.00025, "mask_rcnn/accuracy": 0.9182477678571428, "mask_rcnn/false_negative": 0.20270122597392498, "mask_rcnn/false_positive": 0.047787190688355054, "roi_head/num_bg_samples": 96.0, "roi_head/num_fg_samples": 32.0, "rpn/num_neg_anchors": 212.0, "rpn/num_pos_anchors": 44.0, "total_loss": 0.34353713935706764, "validation_loss": 0.5225237069388903}
{"fast_rcnn/cls_accuracy": 0.984375, "fast_rcnn/false_negative": 0.0, "fast_rcnn/fg_cls_accuracy": 1.0, "iteration": 100000, "loss_box_reg": 0.07616143673658371, "loss_cls": 0.03663519024848938, "loss_mask": 0.15240629762411118, "loss_rpn_cls": 0.0025141516234725714, "loss_rpn_loc": 0.04163441248238087, "lr": 0.00025, "mask_rcnn/accuracy": 0.9203603316326531, "mask_rcnn/false_negative": 0.224338319287885, "mask_rcnn/false_positive": 0.03462691173463754, "roi_head/num_bg_samples": 96.0, "roi_head/num_fg_samples": 32.0, "rpn/num_neg_anchors": 212.0, "rpn/num_pos_anchors": 44.0, "total_loss": 0.32474450120935217, "validation_loss": 0.5299727136217286}
{"fast_rcnn/cls_accuracy": 0.984375, "fast_rcnn/false_negative": 0.03125, "fast_rcnn/fg_cls_accuracy": 0.96875, "iteration": 110000, "loss_box_reg": 0.07114071026444435, "loss_cls": 0.029162291437387466, "loss_mask": 0.15004593133926392, "loss_rpn_cls": 0.0018272000015713274, "loss_rpn_loc": 0.07109636068344116, "lr": 0.00025, "mask_rcnn/accuracy": 0.9259406887755102, "mask_rcnn/false_negative": 0.14313639793276284, "mask_rcnn/false_positive": 0.04693193913355326, "roi_head/num_bg_samples": 96.0, "roi_head/num_fg_samples": 32.0, "rpn/num_neg_anchors": 212.0, "rpn/num_pos_anchors": 44.0, "total_loss": 0.28430089162429795, "validation_loss": 0.5271403242476729}
{"fast_rcnn/cls_accuracy": 0.984375, "fast_rcnn/false_negative": 0.015625, "fast_rcnn/fg_cls_accuracy": 0.984375, "iteration": 120000, "loss_box_reg": 0.08726238459348679, "loss_cls": 0.04180445894598961, "loss_mask": 0.14606478810310364, "loss_rpn_cls": 0.006467076484113932, "loss_rpn_loc": 0.09608205780386925, "lr": 0.00025, "mask_rcnn/accuracy": 0.9192841198979591, "mask_rcnn/false_negative": 0.18020543658222007, "mask_rcnn/false_positive": 0.044089807630797784, "roi_head/num_bg_samples": 96.0, "roi_head/num_fg_samples": 32.0, "rpn/num_neg_anchors": 212.0, "rpn/num_pos_anchors": 44.0, "total_loss": 0.37490553641691804, "validation_loss": 0.5270601501183649}
