{"iteration": 1000, "train_loss": 1.8965965751558542, "validation_loss": 1.6777576396375287}
{"iteration": 2000, "train_loss": 1.4697428876534104, "validation_loss": 1.5603184619193784}
{"iteration": 3000, "train_loss": 1.3575579598546028, "validation_loss": 1.4665729609030314}
{"iteration": 4000, "train_loss": 1.2758150063455105, "validation_loss": 1.4162989413713531}
{"iteration": 5000, "train_loss": 1.2424913230352104, "validation_loss": 1.4081784206466808}
{"iteration": 6000, "train_loss": 1.2242811918258667, "validation_loss": 1.3489296802476722}
{"iteration": 7000, "train_loss": 1.169308740645647, "validation_loss": 1.3892580201756402}
{"iteration": 8000, "train_loss": 1.1724375765770674, "validation_loss": 1.3415576204491795}
{"iteration": 9000, "train_loss": 1.1366605637595057, "validation_loss": 1.362305416924073}
{"iteration": 10000, "train_loss": 1.1090085450559855, "validation_loss": 1.3750466692018826}
{"iteration": 11000, "train_loss": 1.0890525276772678, "validation_loss": 1.3256828051273786}
{"iteration": 12000, "train_loss": 1.0670659132301807, "validation_loss": 1.328624695778054}
{"iteration": 13000, "train_loss": 1.0751580717042089, "validation_loss": 1.2773005124348387}
{"iteration": 14000, "train_loss": 1.0487789842300117, "validation_loss": 1.2800661354494665}
{"iteration": 15000, "train_loss": 1.032651960849762, "validation_loss": 1.2580175872305912}
{"iteration": 16000, "train_loss": 1.0153527092188597, "validation_loss": 1.2599514322773782}
{"iteration": 17000, "train_loss": 1.0113324075937271, "validation_loss": 1.2824274099476884}
{"iteration": 18000, "train_loss": 1.0041212977375835, "validation_loss": 1.2372723406767447}
{"iteration": 19000, "train_loss": 0.9971264312043786, "validation_loss": 1.25608107033735}
{"iteration": 20000, "train_loss": 0.9663657955825329, "validation_loss": 1.2616306184439707}
{"iteration": 21000, "train_loss": 0.9739499716088176, "validation_loss": 1.2182772862863094}
{"iteration": 22000, "train_loss": 0.9492201693356037, "validation_loss": 1.2077638519981675}
{"iteration": 23000, "train_loss": 0.9461673349142075, "validation_loss": 1.179908866176381}
{"iteration": 24000, "train_loss": 0.9365946426987648, "validation_loss": 1.2259491124411244}
{"iteration": 25000, "train_loss": 0.9391528924461454, "validation_loss": 1.1768177578659136}
{"iteration": 26000, "train_loss": 0.9334120228886604, "validation_loss": 1.236177927524743}
{"iteration": 27000, "train_loss": 0.9260773244313896, "validation_loss": 1.2118449543224454}
{"iteration": 28000, "train_loss": 0.9065016293898225, "validation_loss": 1.1774312887356433}
{"iteration": 29000, "train_loss": 0.9281389992684126, "validation_loss": 1.196713091736271}
{"iteration": 30000, "train_loss": 0.9095677076838911, "validation_loss": 1.19221489849417}
