{"fast_rcnn/cls_accuracy": 0.93359375, "fast_rcnn/false_negative": 0.0625, "fast_rcnn/fg_cls_accuracy": 0.9375, "iteration": 10000, "loss_box_reg": 0.257469579577446, "loss_cls": 0.1338188573718071, "loss_mask": 0.23036208748817444, "loss_rpn_cls": 0.040358519181609154, "loss_rpn_loc": 0.48314520716667175, "lr": 0.00025, "mask_rcnn/accuracy": 0.888412786989796, "mask_rcnn/false_negative": 0.20451166467154755, "mask_rcnn/false_positive": 0.087595498220669, "roi_head/num_bg_samples": 96.0, "roi_head/num_fg_samples": 32.0, "rpn/num_neg_anchors": 128.0, "rpn/num_pos_anchors": 128.0, "total_loss": 1.1633895337581635, "validation_loss": 1.2156812092100215}
{"fast_rcnn/cls_accuracy": 0.94140625, "fast_rcnn/false_negative": 0.078125, "fast_rcnn/fg_cls_accuracy": 0.921875, "iteration": 20000, "loss_box_reg": 0.21239938586950302, "loss_cls": 0.13190247863531113, "loss_mask": 0.2161349281668663, "loss_rpn_cls": 0.031659264117479324, "loss_rpn_loc": 0.41336314380168915, "lr": 0.00025, "mask_rcnn/accuracy": 0.8980389030612246, "mask_rcnn/false_negative": 0.15575094196679987, "mask_rcnn/false_positive": 0.07277313501132543, "roi_head/num_bg_samples": 96.0, "roi_head/num_fg_samples": 32.0, "rpn/num_neg_anchors": 128.0, "rpn/num_pos_anchors": 128.0, "total_loss": 1.054391723126173, "validation_loss": 1.1576748546436408}
{"fast_rcnn/cls_accuracy": 0.95703125, "fast_rcnn/false_negative": 0.046875, "fast_rcnn/fg_cls_accuracy": 0.953125, "iteration": 30000, "loss_box_reg": 0.24550746381282806, "loss_cls": 0.11111204326152802, "loss_mask": 0.18775638192892075, "loss_rpn_cls": 0.030264778062701225, "loss_rpn_loc": 0.3958418369293213, "lr": 0.00025, "mask_rcnn/accuracy": 0.8992850429645542, "mask_rcnn/false_negative": 0.18204983732798663, "mask_rcnn/false_positive": 0.060086943507475385, "roi_head/num_bg_samples": 96.0, "roi_head/num_fg_samples": 32.0, "rpn/num_neg_anchors": 128.0, "rpn/num_pos_anchors": 128.0, "total_loss": 1.0001562628895044, "validation_loss": 1.0946979029229371}
{"fast_rcnn/cls_accuracy": 0.94921875, "fast_rcnn/false_negative": 0.06350806451612903, "fast_rcnn/fg_cls_accuracy": 0.936491935483871, "iteration": 40000, "loss_box_reg": 0.19550254940986633, "loss_cls": 0.0960412248969078, "loss_mask": 0.19002234935760498, "loss_rpn_cls": 0.02958953846246004, "loss_rpn_loc": 0.3317699283361435, "lr": 0.00025, "mask_rcnn/accuracy": 0.9118104272959184, "mask_rcnn/false_negative": 0.13202446219167388, "mask_rcnn/false_positive": 0.07450365087281063, "roi_head/num_bg_samples": 96.0, "roi_head/num_fg_samples": 32.0, "rpn/num_neg_anchors": 128.0, "rpn/num_pos_anchors": 128.0, "total_loss": 0.8574793580919504, "validation_loss": 1.0596559646966492}
{"fast_rcnn/cls_accuracy": 0.9609375, "fast_rcnn/false_negative": 0.0625, "fast_rcnn/fg_cls_accuracy": 0.9375, "iteration": 50000, "loss_box_reg": 0.25532588362693787, "loss_cls": 0.12061082571744919, "loss_mask": 0.1782686784863472, "loss_rpn_cls": 0.025180377066135406, "loss_rpn_loc": 0.4096650779247284, "lr": 0.00025, "mask_rcnn/accuracy": 0.9018056441326531, "mask_rcnn/false_negative": 0.17212029442339055, "mask_rcnn/false_positive": 0.059213864695937854, "roi_head/num_bg_samples": 96.0, "roi_head/num_fg_samples": 32.0, "rpn/num_neg_anchors": 128.0, "rpn/num_pos_anchors": 128.0, "total_loss": 0.9961969163268805, "validation_loss": 1.033438807792268}
{"fast_rcnn/cls_accuracy": 0.9609375, "fast_rcnn/false_negative": 0.0625, "fast_rcnn/fg_cls_accuracy": 0.9375, "iteration": 60000, "loss_box_reg": 0.17454516142606735, "loss_cls": 0.08547315374016762, "loss_mask": 0.2041701003909111, "loss_rpn_cls": 0.01907925121486187, "loss_rpn_loc": 0.38826315104961395, "lr": 0.00025, "mask_rcnn/accuracy": 0.918407206632653, "mask_rcnn/false_negative": 0.09809227329329445, "mask_rcnn/false_positive": 0.07514405824380471, "roi_head/num_bg_samples": 96.0, "roi_head/num_fg_samples": 32.0, "rpn/num_neg_anchors": 128.0, "rpn/num_pos_anchors": 128.0, "total_loss": 0.8649667724967003, "validation_loss": 1.037094517483377}
{"fast_rcnn/cls_accuracy": 0.96875, "fast_rcnn/false_negative": 0.03125, "fast_rcnn/fg_cls_accuracy": 0.96875, "iteration": 70000, "loss_box_reg": 0.1658593788743019, "loss_cls": 0.06987914815545082, "loss_mask": 0.1829887107014656, "loss_rpn_cls": 0.03225621022284031, "loss_rpn_loc": 0.3281278908252716, "lr": 0.00025, "mask_rcnn/accuracy": 0.9189327252282491, "mask_rcnn/false_negative": 0.10879910275242141, "mask_rcnn/false_positive": 0.06699380022913064, "roi_head/num_bg_samples": 96.0, "roi_head/num_fg_samples": 32.0, "rpn/num_neg_anchors": 128.0, "rpn/num_pos_anchors": 128.0, "total_loss": 0.7793508730828762, "validation_loss": 1.0235765435761022}
{"fast_rcnn/cls_accuracy": 0.96875, "fast_rcnn/false_negative": 0.033482142857142856, "fast_rcnn/fg_cls_accuracy": 0.9665178571428572, "iteration": 80000, "loss_box_reg": 0.16622605919837952, "loss_cls": 0.07723162695765495, "loss_mask": 0.18316026031970978, "loss_rpn_cls": 0.027185358107089996, "loss_rpn_loc": 0.34658049046993256, "lr": 0.00025, "mask_rcnn/accuracy": 0.9088408801020408, "mask_rcnn/false_negative": 0.12841357761547292, "mask_rcnn/false_positive": 0.06762921366457547, "roi_head/num_bg_samples": 96.0, "roi_head/num_fg_samples": 32.0, "rpn/num_neg_anchors": 128.0, "rpn/num_pos_anchors": 128.0, "total_loss": 0.8016367256641388, "validation_loss": 1.0195465292800012}
{"fast_rcnn/cls_accuracy": 0.96875, "fast_rcnn/false_negative": 0.0625, "fast_rcnn/fg_cls_accuracy": 0.9375, "iteration": 90000, "loss_box_reg": 0.1553529053926468, "loss_cls": 0.0829586610198021, "loss_mask": 0.19127614796161652, "loss_rpn_cls": 0.02161499112844467, "loss_rpn_loc": 0.3206503391265869, "lr": 0.00025, "mask_rcnn/accuracy": 0.9153539540816327, "mask_rcnn/false_negative": 0.1269600951563522, "mask_rcnn/false_positive": 0.06683424655281056, "roi_head/num_bg_samples": 96.0, "roi_head/num_fg_samples": 32.0, "rpn/num_neg_anchors": 128.0, "rpn/num_pos_anchors": 128.0, "total_loss": 0.7957979934290051, "validation_loss": 1.0347519773921885}
{"fast_rcnn/cls_accuracy": 0.9609375, "fast_rcnn/false_negative": 0.033482142857142856, "fast_rcnn/fg_cls_accuracy": 0.9665178571428572, "iteration": 100000, "loss_box_reg": 0.15811212360858917, "loss_cls": 0.07688355818390846, "loss_mask": 0.19544652849435806, "loss_rpn_cls": 0.01605099067091942, "loss_rpn_loc": 0.27786482870578766, "lr": 0.00025, "mask_rcnn/accuracy": 0.9135841836734694, "mask_rcnn/false_negative": 0.10753608616373439, "mask_rcnn/false_positive": 0.06373897733809436, "roi_head/num_bg_samples": 96.0, "roi_head/num_fg_samples": 32.0, "rpn/num_neg_anchors": 128.0, "rpn/num_pos_anchors": 128.0, "total_loss": 0.7236398356035352, "validation_loss": 1.0220881274770302}
{"fast_rcnn/cls_accuracy": 0.96875, "fast_rcnn/false_negative": 0.0625, "fast_rcnn/fg_cls_accuracy": 0.9375, "iteration": 110000, "loss_box_reg": 0.1364521160721779, "loss_cls": 0.06308718957006931, "loss_mask": 0.16807662695646286, "loss_rpn_cls": 0.01744796335697174, "loss_rpn_loc": 0.33168020844459534, "lr": 0.00025, "mask_rcnn/accuracy": 0.91796875, "mask_rcnn/false_negative": 0.11359218899362483, "mask_rcnn/false_positive": 0.06555588133274293, "roi_head/num_bg_samples": 96.0, "roi_head/num_fg_samples": 32.0, "rpn/num_neg_anchors": 128.0, "rpn/num_pos_anchors": 128.0, "total_loss": 0.7280836254358292, "validation_loss": 1.0404998394521272}
